{
  "args": {
    "n_grid": [
      100,
      1000,
      10000,
      30000,
      100000
    ],
    "m_trials": 10,
    "betas": [
      1.0,
      1.0,
      0.5,
      0.5
    ],
    "mark_models": [
      "deterministic",
      "marked-constant",
      "localized-cusp",
      "weierstrass"
    ],
    "backend": "keops",
    "threads": 0,
    "workers": 1,
    "c_delta": 1.0,
    "c_sigma": 1.0,
    "c_tau": 0.5,
    "kernel": "wendland_c2",
    "dtype": "float32",
    "seed": 0,
    "output_dir": "scripts/outputs/experiments/rate_verification_4scenarios",
    "replot_only": null
  },
  "walltime_s": 739.1253986300435,
  "scenarios": [
    {
      "beta": 1.0,
      "mark_model": "deterministic",
      "true_perimeter": 6.283185307179586,
      "N": [
        100,
        1000,
        10000,
        30000,
        100000,
        1000000
      ],
      "E_N": [
        1.2512102285968225,
        0.243169657384054,
        0.06733504930605108,
        0.041331211720601856,
        0.025630919133321585,
        0.012229315434591114
      ],
      "std_N": [
        0.24505316996934468,
        0.036151746994127244,
        0.0034742128671223175,
        0.0009045360779623925,
        0.00026366388608591056,
        6.05749831546571e-05
      ],
      "se_N": [
        0.07749261649475034,
        0.011432186189558794,
        0.0010986425736370438,
        0.0002860394232156797,
        8.337784167626553e-05,
        1.9155491599504802e-05
      ],
      "theory_slope": -0.1111111111111111,
      "_completed": true,
      "_rows": [
        [
          100,
          0,
          1.2582686583148401
        ],
        [
          100,
          1,
          1.7626760641681116
        ],
        [
          100,
          2,
          1.3215835730182093
        ],
        [
          100,
          3,
          1.0465739409076136
        ],
        [
          100,
          4,
          1.0548880735980433
        ],
        [
          100,
          5,
          1.4237216154681605
        ],
        [
          100,
          6,
          1.403933350239889
        ],
        [
          100,
          7,
          1.1934879461871546
        ],
        [
          100,
          8,
          1.1525333563434046
        ],
        [
          100,
          9,
          0.8944357077227991
        ],
        [
          1000,
          0,
          0.29588491121401006
        ],
        [
          1000,
          1,
          0.2453244368182581
        ],
        [
          1000,
          2,
          0.18324786821474248
        ],
        [
          1000,
          3,
          0.2826131025897425
        ],
        [
          1000,
          4,
          0.1979902426349085
        ],
        [
          1000,
          5,
          0.239847485219137
        ],
        [
          1000,
          6,
          0.21244460741151983
        ],
        [
          1000,
          7,
          0.25233203569521123
        ],
        [
          1000,
          8,
          0.25338584581484014
        ],
        [
          1000,
          9,
          0.2686260382281702
        ],
        [
          10000,
          0,
          0.07079679170717412
        ],
        [
          10000,
          1,
          0.06439143816103154
        ],
        [
          10000,
          2,
          0.06449443498720342
        ],
        [
          10000,
          3,
          0.0734484831439417
        ],
        [
          10000,
          4,
          0.0629189650165003
        ],
        [
          10000,
          5,
          0.06915504137148076
        ],
        [
          10000,
          6,
          0.06351644197572881
        ],
        [
          10000,
          7,
          0.06706458726991826
        ],
        [
          10000,
          8,
          0.06811792055238897
        ],
        [
          10000,
          9,
          0.06944638887514287
        ],
        [
          30000,
          0,
          0.04046470323671514
        ],
        [
          30000,
          1,
          0.04115754762758428
        ],
        [
          30000,
          2,
          0.041822258626119435
        ],
        [
          30000,
          3,
          0.04174405733217412
        ],
        [
          30000,
          4,
          0.04070455232729131
        ],
        [
          30000,
          5,
          0.0420306364642542
        ],
        [
          30000,
          6,
          0.03943473497499639
        ],
        [
          30000,
          7,
          0.04157764116396123
        ],
        [
          30000,
          8,
          0.04247409502138311
        ],
        [
          30000,
          9,
          0.04190189043153936
        ],
        [
          100000,
          0,
          0.02543050447572881
        ],
        [
          100000,
          1,
          0.025823895131246388
        ],
        [
          100000,
          2,
          0.025468174611226857
        ],
        [
          100000,
          3,
          0.02570993105043584
        ],
        [
          100000,
          4,
          0.025295082722799123
        ],
        [
          100000,
          5,
          0.02550679842104131
        ],
        [
          100000,
          6,
          0.025766674672262013
        ],
        [
          100000,
          7,
          0.02602702776064092
        ],
        [
          100000,
          8,
          0.02596599260439092
        ],
        [
          100000,
          9,
          0.025315109883443654
        ],
        [
          1000000,
          0,
          0.012236897145406544
        ],
        [
          1000000,
          1,
          0.012257877980367482
        ],
        [
          1000000,
          2,
          0.012204472218648732
        ],
        [
          1000000,
          3,
          0.012292210255758107
        ],
        [
          1000000,
          4,
          0.012342754994527638
        ],
        [
          1000000,
          5,
          0.012144390736715138
        ],
        [
          1000000,
          6,
          0.012177769337789357
        ],
        [
          1000000,
          7,
          0.01222259203066045
        ],
        [
          1000000,
          8,
          0.012250725422994435
        ],
        [
          1000000,
          9,
          0.012163464223043263
        ]
      ],
      "fit_slope": -0.5038687878546749,
      "fit_intercept": 2.209400523291533,
      "fit_slope_se": 0.041408410978640876,
      "fit_slope_ci": [
        -0.6188369678303411,
        -0.3889006078790087
      ]
    },
    {
      "beta": 0.5,
      "mark_model": "localized-cusp",
      "true_perimeter": 4.1887902047863905,
      "N": [
        100,
        1000,
        10000,
        30000,
        100000,
        1000000
      ],
      "E_N": [
        0.6751117489044909,
        0.23612694951942004,
        0.07410207059297011,
        0.04080581876685656,
        0.021934488081068258,
        0.012048843168348533
      ],
      "std_N": [
        0.361787488887691,
        0.11582724411106271,
        0.05289882690382467,
        0.02118516639545934,
        0.011626159363201305,
        0.0039208549469121135
      ],
      "se_N": [
        0.11440724938379611,
        0.03662779064912831,
        0.01672807785670788,
        0.006699337841931094,
        0.0036765144027808916,
        0.0012398832007380852
      ],
      "theory_slope": -0.041666666666666664,
      "_completed": true,